{
    "line": "41",
    "direction": "Biskupice Podg. LG",
    "przystanek": "Dworzec Główny",
    "rozkład": {
        "04": [
            "04"
        ],
        "05": [
            "04",
            "44"
        ],
        "06": [
            "04",
            "24",
            "44"
        ],
        "07": [
            "04",
            "24",
            "44"
        ],
        "08": [
            "04",
            "14",
            "24",
            "44"
        ],
        "09": [
            "04",
            "24",
            "44"
        ],
        "10": [
            "04",
            "44"
        ],
        "11": [
            "04"
        ],
        "12": [
            "04",
            "44"
        ],
        "13": [
            "04"
        ],
        "14": [
            "04",
            "14",
            "24",
            "44"
        ],
        "15": [
            "04",
            "14",
            "24",
            "44"
        ],
        "16": [
            "04",
            "14",
            "24",
            "44"
        ],
        "17": [
            "04",
            "24",
            "44"
        ],
        "18": [
            "04",
            "44"
        ],
        "19": [
            "04"
        ],
        "20": [
            "04"
        ],
        "21": [
            "04"
        ],
        "22": [
            "04",
            "24",
            "44"
        ],
        "23": [
            "04",
            "44"
        ],
        "00": [
            "24"
        ]
    }
}