{
    "line": "56",
    "direction": "Kamionka",
    "przystanek": "Lwówek Śląski",
    "rozkład": {
        "06": [
            "42"
        ],
        "07": [
            "12",
            "42"
        ],
        "08": [
            "12",
            "42x"
        ],
        "09": [
            "12",
            "42"
        ],
        "10": [
            "45pt"
        ],
        "12": [
            "45"
        ],
        "13": [
            "45"
        ],
        "14": [
            "45"
        ],
        "15": [
            "42"
        ],
        "16": [
            "12",
            "42"
        ],
        "17": [
            "12x",
            "42"
        ],
        "19": [
            "42pt"
        ],
        "21": [
            "42"
        ],
        "22": [
            "42x"
        ]
    }
}