{
    "line": "56",
    "direction": "Kamionka",
    "przystanek": "Karłowicza",
    "rozkład": {
        "06": [
            "53"
        ],
        "07": [
            "23",
            "53"
        ],
        "08": [
            "23"
        ],
        "09": [
            "23",
            "53"
        ],
        "10": [
            "56pt"
        ],
        "12": [
            "56"
        ],
        "13": [
            "56"
        ],
        "14": [
            "56"
        ],
        "15": [
            "53"
        ],
        "16": [
            "23",
            "53"
        ],
        "17": [
            "53"
        ],
        "19": [
            "53pt"
        ],
        "21": [
            "53"
        ]
    }
}