{
    "line": "56",
    "direction": "Kamionka",
    "przystanek": "Herberta",
    "rozkład": {
        "06": [
            "54"
        ],
        "07": [
            "24",
            "54"
        ],
        "08": [
            "24"
        ],
        "09": [
            "24",
            "54"
        ],
        "10": [
            "57pt"
        ],
        "12": [
            "57"
        ],
        "13": [
            "57"
        ],
        "14": [
            "57"
        ],
        "15": [
            "54"
        ],
        "16": [
            "24",
            "54"
        ],
        "17": [
            "54"
        ],
        "19": [
            "54pt"
        ],
        "21": [
            "54"
        ]
    }
}