{
    "line": "56",
    "direction": "Kamionka",
    "przystanek": "Kozanów STP",
    "rozkład": {
        "06": [
            "56"
        ],
        "07": [
            "26",
            "56"
        ],
        "08": [
            "26"
        ],
        "09": [
            "26",
            "56"
        ],
        "10": [
            "59pt"
        ],
        "12": [
            "59"
        ],
        "13": [
            "59"
        ],
        "14": [
            "59"
        ],
        "15": [
            "56"
        ],
        "16": [
            "26",
            "56"
        ],
        "17": [
            "56"
        ],
        "19": [
            "56pt"
        ],
        "21": [
            "56"
        ]
    }
}