{
    "line": "56",
    "direction": "Kamionka",
    "przystanek": "Sławków Rondo",
    "rozkład": {
        "06": [
            "57"
        ],
        "07": [
            "27",
            "57"
        ],
        "08": [
            "27"
        ],
        "09": [
            "27",
            "57"
        ],
        "11": [
            "00pt"
        ],
        "13": [
            "00"
        ],
        "14": [
            "00"
        ],
        "15": [
            "00",
            "57"
        ],
        "16": [
            "27",
            "57"
        ],
        "17": [
            "57"
        ],
        "19": [
            "57pt"
        ],
        "21": [
            "57"
        ]
    }
}