{
    "line": "56",
    "direction": "Kamionka",
    "przystanek": "Radłów",
    "rozkład": {
        "06": [
            "43"
        ],
        "07": [
            "13",
            "43"
        ],
        "08": [
            "13",
            "43x"
        ],
        "09": [
            "13",
            "43"
        ],
        "10": [
            "46pt"
        ],
        "12": [
            "46"
        ],
        "13": [
            "46"
        ],
        "14": [
            "46"
        ],
        "15": [
            "43"
        ],
        "16": [
            "13",
            "43"
        ],
        "17": [
            "13x",
            "43"
        ],
        "19": [
            "43pt"
        ],
        "21": [
            "43"
        ],
        "22":[
            "43x"
        ]
    }
}