{
    "line": "10",
    "direction": "Rzędzin Pętla",
    "przystanek": "Łódzka",
    "rozkład": {
        "04": [
            "33",
            "54"
        ],
        "05": [
            "19",
            "33",
            "54"
        ],
        "06": [
            "19",
            "40",
            "47"
        ],
        "07": [
            "08",
            "26",
            "40",
            "47"
        ],
        "08": [
            "08",
            "26",
            "40",
            "47"
        ],
        "09": [
            "01",
            "08",
            "26",
            "40",
            "47",
            "54"
        ],
        "10": [
            "02",
            "40",
            "47"
        ],
        "11": [
            "08",
            "26",
            "40"
        ],
        "12": [
            "08",
            "26",
            "40",
            "54"
        ],
        "13": [
            "11",
            "40",
            "54"
        ],
        "14": [
            "11",
            "34",
            "41",
            "48",
            "55"
        ],
        "15": [
            "02",
            "26",
            "34",
            "41",
            "48",
            "55"
        ],
        "16": [
            "02",
            "26",
            "34",
            "41",
            "48",
            "55"
        ],
        "17": [
            "02",
            "26",
            "34",
            "41",
            "48",
            "55"
        ],
        "18": [
            "02",
            "26",
            "41",
            "48",
            "55"
        ],
        "19": [
            "37",
            "54"
        ],
        "20": [
            "03",
            "11",
            "37",
            "54"
        ],
        "21": [
            "03",
            "11",
            "42",
            "57"
        ],
        "22": [
            "12",
            "42"
        ]
    }
}