{
    "line": "10",
    "direction": "Rzędzin Pętla",
    "przystanek": "Alwernia",
    "rozkład": {
        "04": [
            "26",
            "47"
        ],
        "05": [
            "12",
            "26",
            "47"
        ],
        "06": [
            "12",
            "33",
            "40"
        ],
        "07": [
            "01",
            "19",
            "33",
            "40"
        ],
        "08": [
            "01",
            "19",
            "33",
            "40",
            "54"
        ],
        "09": [
            "01",
            "19",
            "33",
            "40",
            "47",
            "55"
        ],
        "10": [
            "33",
            "40"
        ],
        "11": [
            "01",
            "19",
            "33"
        ],
        "12": [
            "01",
            "19",
            "33",
            "47"
        ],
        "13": [
            "04",
            "33",
            "47"
        ],
        "14": [
            "04",
            "27",
            "34",
            "41",
            "48",
            "55"
        ],
        "15": [
            "19",
            "27",
            "34",
            "41",
            "48",
            "55"
        ],
        "16": [
            "19",
            "27",
            "34",
            "41",
            "48",
            "55"
        ],
        "17": [
            "19",
            "27",
            "34",
            "41",
            "48",
            "55"
        ],
        "18": [
            "19",
            "34",
            "41",
            "48"
        ],
        "19": [
            "30",
            "47",
            "56"
        ],
        "20": [
            "04",
            "30",
            "47",
            "56"
        ],
        "21": [
            "04",
            "35",
            "50"
        ],
        "22": [
            "05",
            "35"
        ]
    }
}