{
    "line": "9",
    "direction": "Górka Narodowa",
    "przystanek": "Os. zgody",
    "rozkład": {
        "04": [
            "49"
        ],
        "05": [
            "19",
            "49"
        ],
        "06": [
            "19",
            "49"
        ],
        "07": [
            "19",
            "39",
            "59"
        ],
        "08": [
            "19",
            "39",
            "59"
        ],
        "09": [
            "19",
            "49"
        ],
        "10": [
            "19",
            "49"
        ],
        "11": [
            "19",
            "39",
            "59"
        ],
        "12": [
            "19",
            "39",
            "59"
        ],
        "13": [
            "19"
        ],
        "14": [
            "19",
            "39",
            "59"
        ],
        "15": [
            "09",
            "19",
            "39",
            "59"
        ],
        "16": [
            "09",
            "19",
            "39",
            "59"
        ],
        "17": [
            "19",
            "49"
        ],
        "18": [
            "19",
            "49"
        ],
        "19": [
            "19",
            "49"
        ],
        "20": [
            "19",
            "39",
            "49",
            "59"
        ],
        "21": [
            "19"
        ],
        "22": [
            "19"
        ]
    }
}