{
    "line": "9",
    "direction": "Górka Narodowa",
    "przystanek": "Górczyn PKP",
    "rozkład": {
        "04": [
            "50"
        ],
        "05": [
            "20",
            "50"
        ],
        "06": [
            "20",
            "50"
        ],
        "07": [
            "20",
            "40"
        ],
        "08": [
            "00",
            "20",
            "40"
        ],
        "09": [
            "00",
            "20",
            "50"
        ],
        "10": [
            "20",
            "50"
        ],
        "11": [
            "20",
            "40"
        ],
        "12": [
            "00",
            "20",
            "40"
        ],
        "13": [
            "00",
            "20"
        ],
        "14": [
            "20",
            "40"
        ],
        "15": [
            "00",
            "10",
            "20",
            "40"
        ],
        "16": [
            "00",
            "10",
            "20",
            "40"
        ],
        "17": [
            "00",
            "20",
            "50"
        ],
        "18": [
            "20",
            "50"
        ],
        "19": [
            "20",
            "50"
        ],
        "20": [
            "20",
            "40",
            "50"
        ],
        "21": [
            "00",
            "20"
        ],
        "22": [
            "20"
        ]
    }
}