{
    "line": "9",
    "direction": "Górka Narodowa",
    "przystanek": "Traugutta",
    "rozkład": {
        "04": [
            "51"
        ],
        "05": [
            "21",
            "51"
        ],
        "06": [
            "21",
            "51"
        ],
        "07": [
            "21",
            "41"
        ],
        "08": [
            "01",
            "21",
            "41"
        ],
        "09": [
            "01",
            "21",
            "51"
        ],
        "10": [
            "21",
            "51"
        ],
        "11": [
            "21",
            "41"
        ],
        "12": [
            "01",
            "21",
            "41"
        ],
        "13": [
            "01",
            "21"
        ],
        "14": [
            "21",
            "41"
        ],
        "15": [
            "01",
            "11",
            "21",
            "41"
        ],
        "16": [
            "01",
            "11",
            "21",
            "41"
        ],
        "17": [
            "01",
            "21",
            "51"
        ],
        "18": [
            "21",
            "51"
        ],
        "19": [
            "21",
            "51"
        ],
        "20": [
            "21",
            "41",
            "51"
        ],
        "21": [
            "01",
            "21"
        ],
        "22": [
            "21"
        ]
    }
}