{
    "line": "9",
    "direction": "Górka Narodowa",
    "przystanek": "Warszawska",
    "rozkład": {
        "04": [
            "42"
        ],
        "05": [
            "12",
            "42"
        ],
        "06": [
            "12",
            "42"
        ],
        "07": [
            "12",
            "32",
            "52"
        ],
        "08": [
            "12",
            "32",
            "52"
        ],
        "09": [
            "12",
            "42"
        ],
        "10": [
            "12",
            "42"
        ],
        "11": [
            "12",
            "32",
            "52"
        ],
        "12": [
            "12",
            "32",
            "52"
        ],
        "13": [
            "12"
        ],
        "14": [
            "12",
            "32",
            "52"
        ],
        "15": [
            "02",
            "12",
            "32",
            "52"
        ],
        "16": [
            "02",
            "12",
            "32",
            "52"
        ],
        "17": [
            "12",
            "42"
        ],
        "18": [
            "12",
            "42"
        ],
        "19": [
            "12",
            "42"
        ],
        "20": [
            "12",
            "32",
            "42",
            "52"
        ],
        "21": [
            "12"
        ],
        "22": [
            "12"
        ]
    }
}