{
    "line": "9",
    "direction": "Górka Narodowa",
    "przystanek": "Łódzka",
    "rozkład": {
        "04": [
            "45"
        ],
        "05": [
            "15",
            "45"
        ],
        "06": [
            "15",
            "45"
        ],
        "07": [
            "15",
            "35",
            "55"
        ],
        "08": [
            "15",
            "35",
            "55"
        ],
        "09": [
            "15",
            "45"
        ],
        "10": [
            "15",
            "45"
        ],
        "11": [
            "15",
            "35",
            "55"
        ],
        "12": [
            "15",
            "35",
            "55"
        ],
        "13": [
            "15"
        ],
        "14": [
            "15",
            "35",
            "55"
        ],
        "15": [
            "05",
            "15",
            "35",
            "55"
        ],
        "16": [
            "05",
            "15",
            "35",
            "55"
        ],
        "17": [
            "15",
            "45"
        ],
        "18": [
            "15",
            "45"
        ],
        "19": [
            "15",
            "45"
        ],
        "20": [
            "15",
            "35",
            "45",
            "55"
        ],
        "21": [
            "15"
        ],
        "22": [
            "15"
        ]
    }
}