{
    "line": "9",
    "direction": "Górka Narodowa",
    "przystanek": "Dw. główny (T)",
    "rozkład": {
        "04": [
            "48"
        ],
        "05": [
            "18",
            "48"
        ],
        "06": [
            "18",
            "48"
        ],
        "07": [
            "18",
            "38",
            "58"
        ],
        "08": [
            "18",
            "38",
            "58"
        ],
        "09": [
            "18",
            "48"
        ],
        "10": [
            "18",
            "48"
        ],
        "11": [
            "18",
            "38",
            "58"
        ],
        "12": [
            "18",
            "38",
            "58"
        ],
        "13": [
            "18"
        ],
        "14": [
            "18",
            "38",
            "58"
        ],
        "15": [
            "08",
            "18",
            "38",
            "58"
        ],
        "16": [
            "08",
            "18",
            "38",
            "58"
        ],
        "17": [
            "18",
            "48"
        ],
        "18": [
            "18",
            "48"
        ],
        "19": [
            "18",
            "48"
        ],
        "20": [
            "18",
            "38",
            "48",
            "58"
        ],
        "21": [
            "18"
        ],
        "22": [
            "18"
        ]
    }
}