{
    "line": "10",
    "direction": "Harbutowice",
    "przystanek": "Kęty Kościół",
    "rozkład": {
        "04": [
            "11",
            "30"
        ],
        "05": [
            "00",
            "12",
            "30"
        ],
        "06": [
            "00",
            "19",
            "26",
            "47"
        ],
        "07": [
            "08",
            "19",
            "26",
            "47"
        ],
        "08": [
            "08",
            "19",
            "26",
            "40",
            "54"
        ],
        "09": [
            "08",
            "19",
            "26",
            "33",
            "40",
            "54"
        ],
        "10": [
            "08",
            "19",
            "26",
            "47"
        ],
        "11": [
            "08",
            "19",
            "26",
            "47"
        ],
        "12": [
            "08",
            "18",
            "36",
            "54"
        ],
        "13": [
            "18",
            "36",
            "54"
        ],
        "14": [
            "19",
            "26",
            "33",
            "40",
            "47"
        ],
        "15": [
            "01",
            "19",
            "26",
            "33",
            "40",
            "47"
        ],
        "16": [
            "01",
            "19",
            "26",
            "33",
            "40",
            "47"
        ],
        "17": [
            "01",
            "19",
            "26",
            "33",
            "40",
            "47"
        ],
        "18": [
            "01",
            "19",
            "26",
            "33",
            "40",
            "47"
        ],
        "19": [
            "01",
            "18",
            "30",
            "42",
            "54"
        ],
        "20": [
            "18",
            "30",
            "42",
            "54"
        ],
        "21": [
            "21",
            "39",
            "57"
        ],
        "22": [
            "21",
            "39",
            "57"
        ]
    }
}