{
    "line": "54",
    "direction": "Szpital Uniwersytecki",
    "przystanek": "Kozanów",
    "rozkład": {
        "04": [
            "30"
        ],
        "05": [
            "10",
            "30",
            "50"
        ],
        "06": [
            "10",
            "30",
            "54"
        ],
        "07": [
            "15",
            "25",
            "40",
            "50"
        ],
        "08": [
            "00x",
            "15",
            "25",
            "40",
            "50"
        ],
        "09": [
            "00x",
            "15",
            "31",
            "55"
        ],
        "10": [
            "21",
            "45"
        ],
        "11": [
            "05",
            "24",
            "45"
        ],
        "12": [
            "05",
            "24",
            "45"
        ],
        "13": [
            "05",
            "13",
            "30",
            "50"
        ],
        "14": [
            "15",
            "18",
            "32",
            "47"
        ],
        "15": [
            "00",
            "18",
            "31",
            "46"
        ],
        "16": [
            "00",
            "10",
            "15",
            "30",
            "48"
        ],
        "17": [
            "00x",
            "12",
            "20",
            "45"
        ],
        "18": [
            "00x",
            "20",
            "40"
        ],
        "19": [
            "00",
            "34"
        ],
        "20": [
            "00",
            "20",
            "40"
        ],
        "21": [
            "00",
            "20",
            "40"
        ],
        "22": [
            "00",
            "20",
            "40"
        ],
        "23": [
            "20x",
            "59x"
        ]
    }
}