{
    "line": "54",
    "direction": "Szpital Uniwersytecki",
    "przystanek": "Śródmieście",
    "rozkład": {
        "04": [
            "39"
        ],
        "05": [
            "19",
            "39",
            "59"
        ],
        "06": [
            "19",
            "39"
        ],
        "07": [
            "03",
            "24",
            "34",
            "49",
            "59"
        ],
        "08": [
            "24",
            "34",
            "49",
            "59"
        ],
        "09": [
            "24",
            "40"
        ],
        "10": [
            "04",
            "30",
            "54"
        ],
        "11": [
            "14",
            "33",
            "54"
        ],
        "12": [
            "14",
            "33",
            "54"
        ],
        "13": [
            "14",
            "22",
            "39",
            "59"
        ],
        "14": [
            "24",
            "27",
            "41",
            "56"
        ],
        "15": [
            "09",
            "27",
            "40",
            "55"
        ],
        "16": [
            "09",
            "19",
            "24",
            "39",
            "57"
        ],
        "17": [
            "21",
            "29",
            "54"
        ],
        "18": [
            "29",
            "49"
        ],
        "19": [
            "09",
            "43"
        ],
        "20": [
            "09",
            "29",
            "49"
        ],
        "21": [
            "09",
            "29",
            "49"
        ],
        "22": [
            "09",
            "29",
            "49"
        ]
    }
}