{
    "line": "54",
    "direction": "Szpital Uniwersytecki",
    "przystanek": "Różewicza",
    "rozkład": {
        "04": [
            "32"
        ],
        "05": [
            "12",
            "32",
            "52"
        ],
        "06": [
            "12",
            "32",
            "56"
        ],
        "07": [
            "17",
            "27",
            "42",
            "52"
        ],
        "08": [
            "02x",
            "17",
            "27",
            "42",
            "52"
        ],
        "09": [
            "02x",
            "17",
            "33",
            "57"
        ],
        "10": [
            "23",
            "47"
        ],
        "11": [
            "07",
            "26",
            "47"
        ],
        "12": [
            "07",
            "26",
            "47"
        ],
        "13": [
            "07",
            "15",
            "32",
            "52"
        ],
        "14": [
            "17",
            "20",
            "34",
            "49"
        ],
        "15": [
            "02",
            "20",
            "33",
            "48"
        ],
        "16": [
            "02",
            "12",
            "17",
            "32",
            "50"
        ],
        "17": [
            "02x",
            "14",
            "22",
            "47"
        ],
        "18": [
            "02x",
            "22",
            "42"
        ],
        "19": [
            "02",
            "36"
        ],
        "20": [
            "02",
            "22",
            "42"
        ],
        "21": [
            "02",
            "22",
            "42"
        ],
        "22": [
            "02",
            "22",
            "42"
        ],
        "23": [
            "22x"
        ],
        "00": [
            "01x"
        ]
    }
}