{
    "line": "41",
    "direction": "Kamionka",
    "przystanek": "Młynka",
    "rozkład": {
        "00": [
            "00x",
            "39x"
        ],
        "04": [
            "26"
        ],
        "05": [
            "26"
        ],
        "06": [
            "01",
            "21",
            "41"
        ],
        "07": [
            "01",
            "21",
            "41"
        ],
        "08": [
            "00",
            "18",
            "28",
            "38x",
            "58x"
        ],
        "09": [
            "23",
            "46"
        ],
        "10": [
            "06",
            "26"
        ],
        "11": [
            "06",
            "26"
        ],
        "12": [
            "36"
        ],
        "13": [
            "13",
            "36"
        ],
        "14": [
            "21",
            "31",
            "41"
        ],
        "15": [
            "00",
            "21",
            "31",
            "41"
        ],
        "16": [
            "00",
            "21",
            "31",
            "41x"
        ],
        "17": [
            "00x",
            "21",
            "41"
        ],
        "18": [
            "06",
            "31"
        ],
        "19": [
            "06",
            "31"
        ],
        "20": [
            "30"
        ],
        "21": [
            "30"
        ],
        "22": [
            "21",
            "41"
        ],
        "23": [
            "01",
            "21"
        ]
    }
}