{
    "line": "54",
    "direction": "Szpital Uniwersytecki",
    "przystanek": "Politechnika",
    "rozkład": {
        "04": [
            "41"
        ],
        "05": [
            "21",
            "41"
        ],
        "06": [
            "01",
            "21",
            "41"
        ],
        "07": [
            "05",
            "26",
            "36",
            "51"
        ],
        "08": [
            "01",
            "26",
            "36",
            "51"
        ],
        "09": [
            "01",
            "26",
            "42"
        ],
        "10": [
            "06",
            "32",
            "56"
        ],
        "11": [
            "16",
            "35",
            "56"
        ],
        "12": [
            "16",
            "35",
            "56"
        ],
        "13": [
            "16",
            "24",
            "41"
        ],
        "14": [
            "01",
            "26",
            "29",
            "43",
            "58"
        ],
        "15": [
            "11",
            "29",
            "42",
            "57"
        ],
        "16": [
            "11",
            "21",
            "26",
            "41",
            "59"
        ],
        "17": [
            "23",
            "31",
            "56"
        ],
        "18": [
            "31",
            "51"
        ],
        "19": [
            "11",
            "45"
        ],
        "20": [
            "11",
            "31",
            "51"
        ],
        "21": [
            "11",
            "31",
            "51"
        ],
        "22": [
            "11",
            "31",
            "51"
        ]
    }
}