{
    "line": "41",
    "direction": "Kamionka",
    "przystanek": "Górka Narodowa",
    "rozkład": {
        "00": [
            "03x",
            "42x"
        ],
        "04": [
            "29"
        ],
        "05": [
            "29"
        ],
        "06": [
            "04",
            "24",
            "44"
        ],
        "07": [
            "04",
            "24",
            "44"
        ],
        "08": [
            "03",
            "21",
            "31",
            "41x"
        ],
        "09": [
            "01x",
            "26",
            "49"
        ],
        "10": [
            "09",
            "29"
        ],
        "11": [
            "09",
            "29"
        ],
        "12": [
            "39"
        ],
        "13": [
            "16",
            "39"
        ],
        "14": [
            "24",
            "34",
            "44"
        ],
        "15": [
            "03",
            "24",
            "34",
            "44"
        ],
        "16": [
            "03",
            "24",
            "34",
            "44x"
        ],
        "17": [
            "03x",
            "24",
            "44"
        ],
        "18": [
            "09",
            "34"
        ],
        "19": [
            "09",
            "34"
        ],
        "20": [
            "33"
        ],
        "21": [
            "33"
        ],
        "22": [
            "24",
            "44"
        ],
        "23": [
            "04",
            "24"
        ]
    }
}