{
    "line": "41",
    "direction": "Kamionka",
    "przystanek": "Kamionka Pętla",
    "rozkład": {
        "04": [
            "38"
        ],
        "05": [
            "38"
        ],
        "06": [
            "13",
            "33",
            "53"
        ],
        "07": [
            "13",
            "33",
            "53"
        ],
        "08": [
            "12",
            "30",
            "40",
            "50"
        ],
        "09": [
            "10",
            "35",
            "58"
        ],
        "10": [
            "18",
            "38"
        ],
        "11": [
            "18",
            "38"
        ],
        "12": [
            "48"
        ],
        "13": [
            "25",
            "48"
        ],
        "14": [
            "33",
            "43",
            "53"
        ],
        "15": [
            "12",
            "33",
            "43",
            "53"
        ],
        "16": [
            "12",
            "33",
            "43",
            "53"
        ],
        "17": [
            "12",
            "33",
            "53"
        ],
        "18": [
            "18",
            "43"
        ],
        "19": [
            "18",
            "43"
        ],
        "20": [
            "42"
        ],
        "21": [
            "42"
        ],
        "22": [
            "33",
            "53"
        ],
        "23": [
            "13",
            "33"
        ]
    }
}