{
    "line": "40",
    "direction": "Ostrołęka Lotnisko",
    "przystanek": "Żwiry",
    "rozkład": {
        "07": [
            "05",
            "15",
            "36",
            "59"
        ],
        "08": [
            "15",
            "36",
            "59"
        ],
        "09": [
            "15",
            "36",
            "59"
        ],
        "10": [
            "15",
            "31",
            "46"
        ],
        "11": [
            "00",
            "36"
        ],
        "12": [
            "06",
            "36"
        ],
        "13": [
            "06",
            "36"
        ],
        "14": [
            "06",
            "15",
            "36",
            "46"
        ],
        "15": [
            "00",
            "15",
            "36",
            "49"
        ],
        "16": [
            "00",
            "15",
            "36"
        ],
        "17": [
            "00",
            "41"
        ],
        "18": [
            "11",
            "36"
        ],
        "19": [
            "00",
            "36"
        ],
        "20": [
            "00",
            "36",
            "50"
        ],
        "21": [
            "00",
            "36"
        ],
        "22": [
            "00",
            "36"
        ],
        "23": [
            "00"
        ],
        "00": [
            "00"
        ],
        "02": [
            "15",
            "50x"
        ],
        "03": [
            "15x",
            "46"
        ],
        "01": [
            "01x"
        ]
    }
}