{
    "line": "40",
    "direction": "Ostrołęka Lotnisko",
    "przystanek": "Ostrołęka Lotnisko",
    "rozkład": {
        "07": [
            "12",
            "22",
            "43"
        ],
        "08": [
            "06",
            "22",
            "43"
        ],
        "09": [
            "06",
            "22",
            "43"
        ],
        "10": [
            "06",
            "22",
            "38",
            "53"
        ],
        "11": [
            "07",
            "43"
        ],
        "12": [
            "13",
            "43"
        ],
        "13": [
            "13",
            "43"
        ],
        "14": [
            "13",
            "22",
            "43",
            "53"
        ],
        "15": [
            "07",
            "22",
            "43",
            "56"
        ],
        "16": [
            "07",
            "22",
            "43"
        ],
        "17": [
            "07",
            "48"
        ],
        "18": [
            "18",
            "43"
        ],
        "19": [
            "07",
            "43"
        ],
        "20": [
            "07",
            "43",
            "57"
        ],
        "21": [
            "07",
            "43"
        ],
        "22": [
            "07",
            "43"
        ],
        "23": [
            "07"
        ],
        "00": [
            "07"
        ],
        "02": [
            "22"
        ],
        "03": [
            "53"
        ]
    }
}