{
    "line": "56",
    "direction": "Lwówek Śląski",
    "przystanek": "Harbutowice",
    "rozkład": {
        "06": [
            "24",
            "51"
        ],
        "07": [
            "24",
            "51"
        ],
        "08": [
            "24",
            "51"
        ],
        "09": [
            "24"
        ],
        "10": [
            "24"
        ],
        "12": [
            "24"
        ],
        "13": [
            "24"
        ],
        "14": [
            "24"
        ],
        "15": [
            "24",
            "51"
        ],
        "16": [
            "24",
            "51"
        ],
        "17": [
            "24"
        ],
        "19": [
            "24"
        ],
        "21": [
            "24"
        ],
        "22": [
            "24"
        ]
    }
}