{
    "line": "41",
    "direction": "Biskupice Podg. LG",
    "przystanek": "Alwernia",
    "rozkład": {
        "04": [
            "11"
        ],
        "05": [
            "11",
            "51"
        ],
        "06": [
            "11",
            "31",
            "51"
        ],
        "07": [
            "11",
            "31",
            "51"
        ],
        "08": [
            "11",
            "21",
            "31",
            "51"
        ],
        "09": [
            "11",
            "31",
            "51"
        ],
        "10": [
            "11",
            "51"
        ],
        "11": [
            "11"
        ],
        "12": [
            "11",
            "51"
        ],
        "13": [
            "11"
        ],
        "14": [
            "11",
            "21",
            "31",
            "51"
        ],
        "15": [
            "11",
            "21",
            "31",
            "51"
        ],
        "16": [
            "11",
            "21",
            "31",
            "51"
        ],
        "17": [
            "11",
            "31",
            "51"
        ],
        "18": [
            "11",
            "51"
        ],
        "19": [
            "11"
        ],
        "20": [
            "11"
        ],
        "21": [
            "11"
        ],
        "22": [
            "11",
            "31",
            "51"
        ],
        "23": [
            "11",
            "51"
        ],
        "00": [
            "31"
        ]
    }
}