{
    "line": "41",
    "direction": "Biskupice Podg. LG",
    "przystanek": "Biskupice Podg. LG",
    "rozkład": {
        "04": [
            "14"
        ],
        "05": [
            "14",
            "54"
        ],
        "06": [
            "14",
            "34",
            "54"
        ],
        "07": [
            "14",
            "34",
            "54"
        ],
        "08": [
            "14",
            "24",
            "34",
            "54"
        ],
        "09": [
            "14",
            "34",
            "54"
        ],
        "10": [
            "14",
            "54"
        ],
        "11": [
            "14"
        ],
        "12": [
            "14",
            "54"
        ],
        "13": [
            "14"
        ],
        "14": [
            "14",
            "24",
            "34",
            "54"
        ],
        "15": [
            "14",
            "24",
            "34",
            "54"
        ],
        "16": [
            "14",
            "24",
            "34",
            "54"
        ],
        "17": [
            "14",
            "34",
            "54"
        ],
        "18": [
            "14",
            "54"
        ],
        "19": [
            "14"
        ],
        "20": [
            "14"
        ],
        "21": [
            "14"
        ],
        "22": [
            "14",
            "34",
            "54"
        ],
        "23": [
            "14",
            "54"
        ],
        "00": [
            "34"
        ]
    }
}