{
    "line": "10",
    "direction": "Harbutowice",
    "przystanek": "Jaktorów",
    "rozkład": {
        "04": [
            "10",
            "29",
            "59"
        ],
        "05": [
            "11",
            "29",
            "59"
        ],
        "06": [
            "18",
            "25",
            "46"
        ],
        "07": [
            "07",
            "18",
            "25",
            "46"
        ],
        "08": [
            "07",
            "18",
            "25",
            "39",
            "53"
        ],
        "09": [
            "07",
            "18",
            "25",
            "32",
            "39",
            "53"
        ],
        "10": [
            "07",
            "18",
            "25",
            "46"
        ],
        "11": [
            "07",
            "18",
            "25",
            "46"
        ],
        "12": [
            "07",
            "17",
            "35",
            "53"
        ],
        "13": [
            "17",
            "35",
            "53"
        ],
        "14": [
            "18",
            "25",
            "32",
            "39",
            "46"
        ],
        "15": [
            "00",
            "18",
            "25",
            "32",
            "39",
            "46"
        ],
        "16": [
            "00",
            "18",
            "25",
            "32",
            "39",
            "46"
        ],
        "17": [
            "00",
            "18",
            "25",
            "32",
            "39",
            "46"
        ],
        "18": [
            "00",
            "18",
            "25",
            "32",
            "39",
            "46"
        ],
        "19": [
            "00",
            "17",
            "29",
            "41",
            "53"
        ],
        "20": [
            "17",
            "29",
            "41",
            "53"
        ],
        "21": [
            "20",
            "38",
            "56"
        ],
        "22": [
            "20",
            "38",
            "56"
        ]
    }
}