{
    "line": "10",
    "direction": "Harbutowice",
    "przystanek": "Łódzka",
    "rozkład": {
        "04": [
            "01",
            "20",
            "50"
        ],
        "05": [
            "02",
            "20",
            "50"
        ],
        "06": [
            "09",
            "16",
            "37",
            "58"
        ],
        "07": [
            "09",
            "16",
            "37",
            "58"
        ],
        "08": [
            "09",
            "16",
            "30",
            "44",
            "58"
        ],
        "09": [
            "09",
            "16",
            "23",
            "30",
            "44",
            "58"
        ],
        "10": [
            "09",
            "16",
            "37",
            "58"
        ],
        "11": [
            "09",
            "16",
            "37",
            "58"
        ],
        "12": [
            "08",
            "26",
            "44"
        ],
        "13": [
            "08",
            "26",
            "44"
        ],
        "14": [
            "09",
            "16",
            "23",
            "30",
            "37",
            "51"
        ],
        "15": [
            "09",
            "16",
            "23",
            "30",
            "37",
            "51"
        ],
        "16": [
            "09",
            "16",
            "23",
            "30",
            "37",
            "51"
        ],
        "17": [
            "09",
            "16",
            "23",
            "30",
            "37",
            "51"
        ],
        "18": [
            "09",
            "16",
            "23",
            "30",
            "37",
            "51"
        ],
        "19": [
            "08",
            "20",
            "32",
            "44"
        ],
        "20": [
            "08",
            "20",
            "32",
            "44"
        ],
        "21": [
            "11",
            "29",
            "47"
        ],
        "22": [
            "11",
            "29",
            "47"
        ]
    }
}