{
    "line": "10",
    "direction": "Harbutowice",
    "przystanek": "Mrożka",
    "rozkład": {
        "04": [
            "04",
            "23",
            "53"
        ],
        "05": [
            "05",
            "23",
            "53"
        ],
        "06": [
            "12",
            "19",
            "40"
        ],
        "07": [
            "01",
            "12",
            "19",
            "40"
        ],
        "08": [
            "01",
            "12",
            "19",
            "33",
            "47"
        ],
        "09": [
            "01",
            "12",
            "19",
            "26",
            "33",
            "47"
        ],
        "10": [
            "01",
            "12",
            "19",
            "40"
        ],
        "11": [
            "01",
            "12",
            "19",
            "40"
        ],
        "12": [
            "01",
            "11",
            "29",
            "47"
        ],
        "13": [
            "11",
            "29",
            "47"
        ],
        "14": [
            "12",
            "19",
            "26",
            "33",
            "40",
            "54"
        ],
        "15": [
            "12",
            "19",
            "26",
            "33",
            "40",
            "54"
        ],
        "16": [
            "12",
            "19",
            "26",
            "33",
            "40",
            "54"
        ],
        "17": [
            "12",
            "19",
            "26",
            "33",
            "40",
            "54"
        ],
        "18": [
            "12",
            "19",
            "26",
            "33",
            "40",
            "54"
        ],
        "19": [
            "11",
            "23",
            "35",
            "47"
        ],
        "20": [
            "11",
            "23",
            "35",
            "47"
        ],
        "21": [
            "14",
            "32",
            "50"
        ],
        "22": [
            "14",
            "32",
            "50"
        ]
    }
}