{
    "line": "10",
    "direction": "Rzędzin Pętla",
    "przystanek": "Harbutowice",
    "rozkład": {
        "04": [
            "21",
            "42"
        ],
        "05": [
            "07",
            "21",
            "42"
        ],
        "06": [
            "07",
            "28",
            "35",
            "56"
        ],
        "07": [
            "14",
            "28",
            "35",
            "56"
        ],
        "08": [
            "14",
            "28",
            "35",
            "49",
            "56"
        ],
        "09": [
            "14",
            "28",
            "35",
            "42",
            "50",
            "57x"
        ],
        "10": [
            "14x",
            "28",
            "35",
            "56"
        ],
        "11": [
            "14",
            "28",
            "35x",
            "56"
        ],
        "12": [
            "14",
            "28",
            "42",
            "59"
        ],
        "13": [
            "28",
            "42",
            "59"
        ],
        "14": [
            "22",
            "29",
            "36",
            "43",
            "50"
        ],
        "15": [
            "14",
            "22",
            "29",
            "36",
            "43",
            "50"
        ],
        "16": [
            "14",
            "22",
            "29",
            "36",
            "43",
            "50"
        ],
        "17": [
            "14",
            "22",
            "29",
            "36",
            "43",
            "50"
        ],
        "18": [
            "14",
            "22x",
            "29",
            "36",
            "43",
            "50x"
        ],
        "19": [
            "14x",
            "25",
            "42",
            "51",
            "59"
        ],
        "20": [
            "25",
            "42",
            "51",
            "59"
        ],
        "21": [
            "30",
            "45"
        ],
        "22": [
            "00",
            "30",
            "45x"
        ],
        "23": [
            "00x"
        ]
    }
}