{
    "line": "10",
    "direction": "Rzędzin Pętla",
    "przystanek": "Kombinat",
    "rozkład": {
        "04": [
            "28",
            "49"
        ],
        "05": [
            "14",
            "28",
            "49"
        ],
        "06": [
            "14",
            "35",
            "42"
        ],
        "07": [
            "03",
            "21",
            "35",
            "42"
        ],
        "08": [
            "03",
            "21",
            "35",
            "42",
            "56"
        ],
        "09": [
            "03",
            "21",
            "35",
            "42",
            "49",
            "57"
        ],
        "10": [
            "35",
            "42"
        ],
        "11": [
            "03",
            "21",
            "35"
        ],
        "12": [
            "03",
            "21",
            "35",
            "49"
        ],
        "13": [
            "06",
            "35",
            "49"
        ],
        "14": [
            "06",
            "29",
            "36",
            "43",
            "50",
            "57"
        ],
        "15": [
            "21",
            "29",
            "36",
            "43",
            "50",
            "57"
        ],
        "16": [
            "21",
            "29",
            "36",
            "43",
            "50",
            "57"
        ],
        "17": [
            "21",
            "29",
            "36",
            "43",
            "50",
            "57"
        ],
        "18": [
            "21",
            "36",
            "43",
            "50"
        ],
        "19": [
            "32",
            "49",
            "58"
        ],
        "20": [
            "06",
            "32",
            "49",
            "58"
        ],
        "21": [
            "06",
            "37",
            "52"
        ],
        "22": [
            "07",
            "37"
        ]
    }
}