{
    "line": "10",
    "direction": "Rzędzin Pętla",
    "przystanek": "Al. Jana Pawła II",
    "rozkład": {
        "04": [
            "32",
            "53"
        ],
        "05": [
            "18",
            "32",
            "53"
        ],
        "06": [
            "18",
            "39",
            "46"
        ],
        "07": [
            "07",
            "25",
            "39",
            "46"
        ],
        "08": [
            "07",
            "25",
            "39",
            "46"
        ],
        "09": [
            "00",
            "07",
            "25",
            "39",
            "46",
            "53"
        ],
        "10": [
            "01",
            "39",
            "46"
        ],
        "11": [
            "07",
            "25",
            "39"
        ],
        "12": [
            "07",
            "25",
            "39",
            "53"
        ],
        "13": [
            "10",
            "39",
            "53"
        ],
        "14": [
            "10",
            "33",
            "40",
            "47",
            "54"
        ],
        "15": [
            "01",
            "25",
            "33",
            "40",
            "47",
            "54"
        ],
        "16": [
            "01",
            "25",
            "33",
            "40",
            "47",
            "54"
        ],
        "17": [
            "01",
            "25",
            "33",
            "40",
            "47",
            "54"
        ],
        "18": [
            "01",
            "25",
            "40",
            "47",
            "54"
        ],
        "19": [
            "36",
            "53"
        ],
        "20": [
            "02",
            "10",
            "36",
            "53"
        ],
        "21": [
            "02",
            "10",
            "41",
            "56"
        ],
        "22": [
            "11",
            "41"
        ]
    }
}