{
    "line": "10",
    "direction": "Rzędzin Pętla",
    "przystanek": "Regulice",
    "rozkład": {
        "04": [
            "24",
            "45"
        ],
        "05": [
            "10",
            "24",
            "45"
        ],
        "06": [
            "10",
            "31",
            "38",
            "59"
        ],
        "07": [
            "17",
            "31",
            "38",
            "59"
        ],
        "08": [
            "17",
            "31",
            "38",
            "52",
            "59"
        ],
        "09": [
            "17",
            "31",
            "38",
            "45",
            "53"
        ],
        "10": [
            "31",
            "38",
            "59"
        ],
        "11": [
            "17",
            "31",
            "59"
        ],
        "12": [
            "17",
            "31",
            "45"
        ],
        "13": [
            "02",
            "31",
            "45"
        ],
        "14": [
            "02",
            "25",
            "32",
            "39",
            "46",
            "53"
        ],
        "15": [
            "17",
            "25",
            "32",
            "39",
            "46",
            "53"
        ],
        "16": [
            "17",
            "25",
            "32",
            "39",
            "46",
            "53"
        ],
        "17": [
            "17",
            "25",
            "32",
            "39",
            "46",
            "53"
        ],
        "18": [
            "17",
            "32",
            "39",
            "46"
        ],
        "19": [
            "28",
            "45",
            "54"
        ],
        "20": [
            "02",
            "28",
            "45",
            "54"
        ],
        "21": [
            "02",
            "33",
            "48"
        ],
        "22": [
            "03",
            "33"
        ]
    }
}