{
    "line": "10",
    "direction": "Rzędzin Pętla",
    "przystanek": "Rondo Czyżyńskie",
    "rozkład": {
        "04": [
            "27",
            "48"
        ],
        "05": [
            "13",
            "27",
            "48"
        ],
        "06": [
            "13",
            "34",
            "41"
        ],
        "07": [
            "02",
            "20",
            "34",
            "41"
        ],
        "08": [
            "02",
            "20",
            "34",
            "41",
            "55"
        ],
        "09": [
            "02",
            "20",
            "34",
            "41",
            "48",
            "56"
        ],
        "10": [
            "34",
            "41"
        ],
        "11": [
            "02",
            "20",
            "34"
        ],
        "12": [
            "02",
            "20",
            "34",
            "48"
        ],
        "13": [
            "05",
            "34",
            "48"
        ],
        "14": [
            "05",
            "28",
            "35",
            "42",
            "49",
            "56"
        ],
        "15": [
            "20",
            "28",
            "35",
            "42",
            "49",
            "56"
        ],
        "16": [
            "20",
            "28",
            "35",
            "42",
            "49",
            "56"
        ],
        "17": [
            "20",
            "28",
            "35",
            "42",
            "49",
            "56"
        ],
        "18": [
            "20",
            "35",
            "42",
            "49"
        ],
        "19": [
            "31",
            "48",
            "57"
        ],
        "20": [
            "05",
            "31",
            "48",
            "57"
        ],
        "21": [
            "05",
            "36",
            "51"
        ],
        "22": [
            "06",
            "36"
        ]
    }
}