{
    "line": "54",
    "direction": "Kozanów",
    "przystanek": "Różewicza",
    "rozkład": {
        "04": [
            "21"
        ],
        "05": [
            "01",
            "21",
            "41"
        ],
        "06": [
            "01",
            "21",
            "45"
        ],
        "07": [
            "10",
            "21",
            "35",
            "45",
            "55"
        ],
        "08": [
            "10",
            "21",
            "33",
            "45",
            "55"
        ],
        "09": [
            "10",
            "21",
            "46"
        ],
        "10": [
            "11",
            "36",
            "56"
        ],
        "11": [
            "16",
            "36",
            "56"
        ],
        "12": [
            "16",
            "36",
            "56"
        ],
        "13": [
            "06",
            "21",
            "43"
        ],
        "14": [
            "10",
            "11",
            "26",
            "41",
            "56"
        ],
        "15": [
            "11",
            "26",
            "41",
            "56"
        ],
        "16": [
            "06",
            "11",
            "26",
            "41",
            "56"
        ],
        "17": [
            "06",
            "11",
            "31",
            "51"
        ],
        "18": [
            "11",
            "31",
            "51"
        ],
        "19": [
            "11",
            "48"
        ],
        "20": [
            "10",
            "29",
            "48"
        ],
        "21": [
            "10",
            "29",
            "48"
        ],
        "22": [
            "10",
            "29"
        ],
        "23": [
            "10",
            "45"
        ]
    }
}