{
    "line": "54",
    "direction": "Kozanów",
    "przystanek": "Politechnika",
    "rozkład": {
        "04": [
            "12",
            "52"
        ],
        "05": [
            "12",
            "32",
            "52"
        ],
        "06": [
            "12",
            "36"
        ],
        "07": [
            "01",
            "12",
            "26",
            "36",
            "46"
        ],
        "08": [
            "01",
            "12",
            "24",
            "36",
            "46"
        ],
        "09": [
            "01",
            "12",
            "37"
        ],
        "10": [
            "02",
            "27",
            "47"
        ],
        "11": [
            "07",
            "27",
            "47"
        ],
        "12": [
            "07",
            "27",
            "47",
            "57"
        ],
        "13": [
            "12",
            "34"
        ],
        "14": [
            "01",
            "02",
            "17",
            "32",
            "47"
        ],
        "15": [
            "02",
            "17",
            "32",
            "47",
            "57"
        ],
        "16": [
            "02",
            "17",
            "32",
            "47",
            "57"
        ],
        "17": [
            "02",
            "22",
            "42"
        ],
        "18": [
            "02",
            "22",
            "42"
        ],
        "19": [
            "02",
            "39"
        ],
        "20": [
            "01",
            "20",
            "39"
        ],
        "21": [
            "01",
            "20",
            "39"
        ],
        "22": [
            "01",
            "20"
        ],
        "23": [
            "01",
            "36"
        ]
    }
}