{
    "line": "54",
    "direction": "Kozanów",
    "przystanek": "Warszawska",
    "rozkład": {
        "04": [
            "17",
            "57"
        ],
        "05": [
            "17",
            "37",
            "57"
        ],
        "06": [
            "17",
            "41"
        ],
        "07": [
            "06",
            "17",
            "31",
            "41",
            "51"
        ],
        "08": [
            "06",
            "17",
            "29",
            "41",
            "51"
        ],
        "09": [
            "06",
            "17",
            "42"
        ],
        "10": [
            "07",
            "32",
            "52"
        ],
        "11": [
            "12",
            "32",
            "52"
        ],
        "12": [
            "12",
            "32",
            "52"
        ],
        "13": [
            "02",
            "17",
            "39"
        ],
        "14": [
            "06",
            "07",
            "22",
            "37",
            "52"
        ],
        "15": [
            "07",
            "22",
            "37",
            "52"
        ],
        "16": [
            "02",
            "07",
            "22",
            "37",
            "52"
        ],
        "17": [
            "02",
            "07",
            "27",
            "47"
        ],
        "18": [
            "07",
            "27",
            "47"
        ],
        "19": [
            "07",
            "44"
        ],
        "20": [
            "06",
            "25",
            "44"
        ],
        "21": [
            "06",
            "25",
            "44"
        ],
        "22": [
            "06",
            "25"
        ],
        "23": [
            "06",
            "41"
        ]
    }
}