{
    "line": "56",
    "direction": "Kamionka",
    "przystanek": "Zagórze I",
    "rozkład": {
        "06": [
            "44"
        ],
        "07": [
            "14",
            "44"
        ],
        "08": [
            "14"
        ],
        "09": [
            "14",
            "44"
        ],
        "10": [
            "47pt"
        ],
        "12": [
            "47"
        ],
        "13": [
            "47"
        ],
        "14": [
            "47"
        ],
        "15": [
            "44"
        ],
        "16": [
            "14",
            "44"
        ],
        "17": [
            "44"
        ],
        "19": [
            "44pt"
        ],
        "21": [
            "44"
        ]
    }
}