{
    "line": "56",
    "direction": "Kamionka",
    "przystanek": "Zagórze",
    "rozkład": {
        "06": [
            "45"
        ],
        "07": [
            "15",
            "45"
        ],
        "08": [
            "15"
        ],
        "09": [
            "15",
            "45"
        ],
        "10": [
            "48pt"
        ],
        "12": [
            "48"
        ],
        "13": [
            "48"
        ],
        "14": [
            "48"
        ],
        "15": [
            "45"
        ],
        "16": [
            "15",
            "45"
        ],
        "17": [
            "45"
        ],
        "19": [
            "45pt"
        ],
        "21": [
            "45"
        ]
    }
}