{
    "line": "56",
    "direction": "Kamionka",
    "przystanek": "Jaktorów",
    "rozkład": {
        "06": [
            "46"
        ],
        "07": [
            "16",
            "46"
        ],
        "08": [
            "16"
        ],
        "09": [
            "16",
            "46"
        ],
        "10": [
            "49pt"
        ],
        "12": [
            "49"
        ],
        "13": [
            "49"
        ],
        "14": [
            "49"
        ],
        "15": [
            "46"
        ],
        "16": [
            "16",
            "46"
        ],
        "17": [
            "46"
        ],
        "19": [
            "46pt"
        ],
        "21": [
            "46"
        ]
    }
}