{
    "line": "9",
    "direction": "Górka Narodowa",
    "przystanek": "Dw. główny",
    "rozkład": {
        "04": [
            "43"
        ],
        "05": [
            "13",
            "43"
        ],
        "06": [
            "13",
            "43"
        ],
        "07": [
            "13",
            "33",
            "53"
        ],
        "08": [
            "13",
            "33",
            "53"
        ],
        "09": [
            "13",
            "43"
        ],
        "10": [
            "13",
            "43"
        ],
        "11": [
            "13",
            "33",
            "53"
        ],
        "12": [
            "13",
            "33",
            "53"
        ],
        "13": [
            "13"
        ],
        "14": [
            "13",
            "33",
            "53"
        ],
        "15": [
            "03",
            "13",
            "33",
            "53"
        ],
        "16": [
            "03",
            "13",
            "33",
            "53"
        ],
        "17": [
            "13",
            "43"
        ],
        "18": [
            "13",
            "43"
        ],
        "19": [
            "13",
            "43"
        ],
        "20": [
            "13",
            "33",
            "43",
            "53"
        ],
        "21": [
            "13"
        ],
        "22": [
            "13"
        ]
    }
}