{
    "line": "9",
    "direction": "Górka Narodowa",
    "przystanek": "Al. Jana Pawła II",
    "rozkład": {
        "04": [
            "44"
        ],
        "05": [
            "14",
            "44"
        ],
        "06": [
            "14",
            "44"
        ],
        "07": [
            "14",
            "34",
            "54"
        ],
        "08": [
            "14",
            "34",
            "54"
        ],
        "09": [
            "14",
            "44"
        ],
        "10": [
            "14",
            "44"
        ],
        "11": [
            "14",
            "34",
            "54"
        ],
        "12": [
            "14",
            "34",
            "54"
        ],
        "13": [
            "14"
        ],
        "14": [
            "14",
            "34",
            "54"
        ],
        "15": [
            "04",
            "14",
            "34",
            "54"
        ],
        "16": [
            "04",
            "14",
            "34",
            "54"
        ],
        "17": [
            "14",
            "44"
        ],
        "18": [
            "14",
            "44"
        ],
        "19": [
            "14",
            "44"
        ],
        "20": [
            "14",
            "34",
            "44",
            "54"
        ],
        "21": [
            "14"
        ],
        "22": [
            "14"
        ]
    }
}