{
    "line": "54",
    "direction": "Kozanów",
    "przystanek": "Os. XXX-lecia",
    "rozkład": {
        "04": [
            "18",
            "58"
        ],
        "05": [
            "18",
            "38",
            "58"
        ],
        "06": [
            "18",
            "42"
        ],
        "07": [
            "07",
            "18",
            "32",
            "42",
            "52"
        ],
        "08": [
            "07",
            "18",
            "30",
            "42",
            "52"
        ],
        "09": [
            "07",
            "18",
            "43"
        ],
        "10": [
            "08",
            "33",
            "53"
        ],
        "11": [
            "13",
            "33",
            "53"
        ],
        "12": [
            "13",
            "33",
            "53"
        ],
        "13": [
            "03",
            "18",
            "40"
        ],
        "14": [
            "07",
            "08",
            "23",
            "38",
            "53"
        ],
        "15": [
            "08",
            "23",
            "38",
            "53"
        ],
        "16": [
            "03",
            "08",
            "23",
            "38",
            "53"
        ],
        "17": [
            "03",
            "08",
            "28",
            "48"
        ],
        "18": [
            "08",
            "28",
            "48"
        ],
        "19": [
            "08",
            "45"
        ],
        "20": [
            "07",
            "26",
            "45"
        ],
        "21": [
            "07",
            "26",
            "45"
        ],
        "22": [
            "07",
            "26"
        ],
        "23": [
            "07",
            "42"
        ]
    }
}