{
    "line": "54",
    "direction": "Kozanów",
    "przystanek": "Herberta",
    "rozkład": {
        "04": [
            "22"
        ],
        "05": [
            "02",
            "22",
            "42"
        ],
        "06": [
            "02",
            "22",
            "46"
        ],
        "07": [
            "11",
            "22",
            "36",
            "46",
            "56"
        ],
        "08": [
            "11",
            "22",
            "34",
            "46",
            "56"
        ],
        "09": [
            "11",
            "22",
            "47"
        ],
        "10": [
            "12",
            "37",
            "57"
        ],
        "11": [
            "17",
            "37",
            "57"
        ],
        "12": [
            "17",
            "37",
            "57"
        ],
        "13": [
            "07",
            "22",
            "44"
        ],
        "14": [
            "11",
            "12",
            "27",
            "42",
            "57"
        ],
        "15": [
            "12",
            "27",
            "42",
            "57"
        ],
        "16": [
            "07",
            "12",
            "27",
            "42",
            "57"
        ],
        "17": [
            "07",
            "12",
            "32",
            "52"
        ],
        "18": [
            "12",
            "32",
            "52"
        ],
        "19": [
            "12",
            "49"
        ],
        "20": [
            "11",
            "30",
            "49"
        ],
        "21": [
            "11",
            "30",
            "49"
        ],
        "22": [
            "11",
            "30"
        ],
        "23": [
            "11",
            "46"
        ]
    }
}