{
    "line": "54",
    "direction": "Kozanów",
    "przystanek": "Piekarska",
    "rozkład": {
        "04": [
            "11",
            "51"
        ],
        "05": [
            "11",
            "31",
            "51"
        ],
        "06": [
            "11",
            "35"
        ],
        "07": [
            "00",
            "11",
            "25",
            "35",
            "45"
        ],
        "08": [
            "00",
            "11",
            "23",
            "35",
            "45"
        ],
        "09": [
            "00",
            "11",
            "36"
        ],
        "10": [
            "01",
            "26",
            "46"
        ],
        "11": [
            "06",
            "26",
            "46"
        ],
        "12": [
            "06",
            "26",
            "46",
            "56"
        ],
        "13": [
            "11",
            "33"
        ],
        "14": [
            "00",
            "01",
            "16",
            "31",
            "46"
        ],
        "15": [
            "01",
            "16",
            "31",
            "46",
            "56"
        ],
        "16": [
            "01",
            "16",
            "31",
            "46",
            "56"
        ],
        "17": [
            "01",
            "21",
            "41"
        ],
        "18": [
            "01",
            "21",
            "41"
        ],
        "19": [
            "01",
            "38"
        ],
        "20": [
            "00",
            "19",
            "38"
        ],
        "21": [
            "00",
            "19",
            "38"
        ],
        "22": [
            "00",
            "19"
        ],
        "23": [
            "00",
            "35"
        ]
    }
}