{
    "line": "54",
    "direction": "Kozanów",
    "przystanek": "Rondo Solidarności",
    "rozkład": {
        "04": [
            "13",
            "53"
        ],
        "05": [
            "13",
            "33",
            "53"
        ],
        "06": [
            "13",
            "37"
        ],
        "07": [
            "02",
            "13",
            "27",
            "37",
            "47"
        ],
        "08": [
            "02",
            "13",
            "25",
            "37",
            "47"
        ],
        "09": [
            "02",
            "13",
            "38"
        ],
        "10": [
            "03",
            "28",
            "48"
        ],
        "11": [
            "08",
            "28",
            "48"
        ],
        "12": [
            "08",
            "28",
            "48",
            "58"
        ],
        "13": [
            "13",
            "35"
        ],
        "14": [
            "02",
            "03",
            "18",
            "33",
            "48"
        ],
        "15": [
            "03",
            "18",
            "33",
            "48",
            "58"
        ],
        "16": [
            "03",
            "18",
            "33",
            "48",
            "58"
        ],
        "17": [
            "03",
            "23",
            "43"
        ],
        "18": [
            "03",
            "23",
            "43"
        ],
        "19": [
            "03",
            "40"
        ],
        "20": [
            "02",
            "21",
            "40"
        ],
        "21": [
            "02",
            "21",
            "40"
        ],
        "22": [
            "02",
            "21"
        ],
        "23": [
            "02",
            "37"
        ]
    }
}