{
    "line": "54",
    "direction": "Kozanów",
    "przystanek": "Opolska",
    "rozkład": {
        "04": [
            "14",
            "54"
        ],
        "05": [
            "14",
            "34",
            "54"
        ],
        "06": [
            "14",
            "38"
        ],
        "07": [
            "03",
            "14",
            "28",
            "38",
            "48"
        ],
        "08": [
            "03",
            "14",
            "26",
            "38",
            "48"
        ],
        "09": [
            "03",
            "14",
            "39"
        ],
        "10": [
            "04",
            "29",
            "49"
        ],
        "11": [
            "09",
            "29",
            "49"
        ],
        "12": [
            "09",
            "29",
            "49",
            "59"
        ],
        "13": [
            "14",
            "36"
        ],
        "14": [
            "03",
            "04",
            "19",
            "34",
            "49"
        ],
        "15": [
            "04",
            "19",
            "34",
            "49",
            "59"
        ],
        "16": [
            "04",
            "19",
            "34",
            "49",
            "59"
        ],
        "17": [
            "04",
            "24",
            "44"
        ],
        "18": [
            "04",
            "24",
            "44"
        ],
        "19": [
            "04",
            "41"
        ],
        "20": [
            "03",
            "22",
            "41"
        ],
        "21": [
            "03",
            "22",
            "41"
        ],
        "22": [
            "03",
            "22"
        ],
        "23": [
            "03",
            "38"
        ]
    }
}