{
    "line": "9",
    "direction": "Blachownia",
    "przystanek": "Blachownia",
    "rozkład": {
      "04": ["39"],
      "05": ["09", "39"],
      "06": ["09", "39"],
      "07": ["09", "29", "49"],
      "08": ["09", "29", "49"],
      "09": ["09", "39"],
      "10": ["09", "39"],
      "11": ["09", "29", "49"],
      "12": ["09", "29", "49"],
      "13": ["09"],
      "14": ["09","29","49","59"],
      "15": ["09","29","49","59"],
      "16": ["09","29","49"],
      "17": ["09","39"],
      "18": ["09", "39"],
      "19": ["09", "39"],
      "20": ["09", "29", "39", "49"],
      "21": ["09"],
      "22": ["09"]

    }
  }
  