{
    "line": "9",
    "direction": "Blachownia",
    "przystanek": "Os. Zgody",
    "rozkład": {
      "04": ["32"],
      "05": ["02", "32"],
      "06": ["02", "32"],
      "07": ["02", "22", "42"],
      "08": ["02", "22", "42"],
      "09": ["02", "32"],
      "10": ["02", "32"],
      "11": ["02", "22", "42"],
      "12": ["02", "22", "42"],
      "13": ["02"],
      "14": ["02","22","42","52"],
      "15": ["02","22","42","52"],
      "16": ["02","22","42"],
      "17": ["02","32"],
      "18": ["02", "32"],
      "19": ["02", "32"],
      "20": ["02", "22", "32", "42"],
      "21": ["02"],
      "22": ["02"]

    }
  }
  