{
    "line": "9",
    "direction": "Blachownia",
    "przystanek": "Ostrołęka Lotnisko",
    "rozkład": {
      "04": ["34"],
      "05": ["04", "34"],
      "06": ["04", "34"],
      "07": ["04", "24", "44"],
      "08": ["04", "24", "44"],
      "09": ["04", "34"],
      "10": ["04", "34"],
      "11": ["04", "24", "44"],
      "12": ["04", "24", "44"],
      "13": ["04"],
      "14": ["04","24","44","54"],
      "15": ["04","24","44","54"],
      "16": ["04","24","44"],
      "17": ["04","34"],
      "18": ["04", "34"],
      "19": ["04", "34"],
      "20": ["04", "24", "34", "44"],
      "21": ["04"],
      "22": ["04"]

    }
  }
  