{
    "line": "40",
    "direction": "Ostrołęka Lotnisko",
    "przystanek": "Cm. Mościce",
    "rozkład": {
        "07": [
            "04",
            "14",
            "35",
            "58"
        ],
        "08": [
            "14",
            "35",
            "58"
        ],
        "09": [
            "14",
            "35",
            "58"
        ],
        "10": [
            "14",
            "30",
            "45",
            "59"
        ],
        "11": [
            "35"
        ],
        "12": [
            "05",
            "35"
        ],
        "13": [
            "05",
            "35"
        ],
        "14": [
            "05",
            "14",
            "35",
            "45",
            "59"
        ],
        "15": [
            "14",
            "35",
            "48",
            "59"
        ],
        "16": [
            "14",
            "35",
            "59"
        ],
        "17": [
            "40"
        ],
        "18": [
            "10",
            "35",
            "59"
        ],
        "19": [
            "35",
            "59"
        ],
        "20": [
            "35",
            "49",
            "59"
        ],
        "21": [
            "35",
            "59"
        ],
        "22": [
            "35",
            "59"
        ],
        "23": [
            "59"
        ],
        "02": [
            "14",
            "49x"
        ],
        "03": [
            "14x",
            "45"
        ],
        "01": [
            "00x"
        ]
    }
}