{
    "line": "40",
    "direction": "Ostrołęka Lotnisko",
    "przystanek": "Blachownia",
    "rozkład": {
        "07": [
            "07",
            "17",
            "38"
        ],
        "08": [
            "01",
            "17",
            "38"
        ],
        "09": [
            "01",
            "17",
            "38"
        ],
        "10": [
            "01",
            "17",
            "33",
            "48"
        ],
        "11": [
            "02",
            "38"
        ],
        "12": [
            "08",
            "38"
        ],
        "13": [
            "08",
            "38"
        ],
        "14": [
            "08",
            "17",
            "38",
            "48"
        ],
        "15": [
            "02",
            "17",
            "38",
            "51"
        ],
        "16": [
            "02",
            "17",
            "38"
        ],
        "17": [
            "02",
            "43"
        ],
        "18": [
            "13",
            "38"
        ],
        "19": [
            "02",
            "38"
        ],
        "20": [
            "02",
            "38",
            "52"
        ],
        "21": [
            "02",
            "38"
        ],
        "22": [
            "02",
            "38"
        ],
        "23": [
            "02"
        ],
        "00": [
            "02"
        ],
        "02": [
            "17",
            "52x"
        ],
        "03": [
            "17x",
            "48"
        ],
        "01": [
            "03x"
        ]
    }
}