{
    "line": "40",
    "direction": "Ostrołęka Lotnisko",
    "przystanek": "Śródmieście",
    "rozkład": {
        "07": [
            "10",
            "20",
            "41"
        ],
        "08": [
            "04",
            "20",
            "41"
        ],
        "09": [
            "04",
            "20",
            "41"
        ],
        "10": [
            "04",
            "20",
            "36",
            "51"
        ],
        "11": [
            "05",
            "41"
        ],
        "12": [
            "11",
            "41"
        ],
        "13": [
            "11",
            "41"
        ],
        "14": [
            "11",
            "20",
            "41",
            "51"
        ],
        "15": [
            "05",
            "20",
            "41",
            "54"
        ],
        "16": [
            "05",
            "20",
            "41"
        ],
        "17": [
            "05",
            "46"
        ],
        "18": [
            "16",
            "41"
        ],
        "19": [
            "05",
            "41"
        ],
        "20": [
            "05",
            "41",
            "55"
        ],
        "21": [
            "05",
            "41"
        ],
        "22": [
            "05",
            "41"
        ],
        "23": [
            "05"
        ],
        "00": [
            "05"
        ],
        "02": [
            "20"
        ],
        "03": [
            "51"
        ]
    }
}