{
    "line": "9",
    "direction": "Blachownia",
    "przystanek": "Al. Jana Pawła II",
    "rozkład": {
      "04": ["36"],
      "05": ["06", "36"],
      "06": ["06", "36"],
      "07": ["06", "26", "46"],
      "08": ["06", "26", "46"],
      "09": ["06", "36"],
      "10": ["06", "36"],
      "11": ["06", "26", "46"],
      "12": ["06", "26", "46"],
      "13": ["06"],
      "14": ["06","26","46","56"],
      "15": ["06","26","46","56"],
      "16": ["06","26","46"],
      "17": ["06","36"],
      "18": ["06", "36"],
      "19": ["06", "36"],
      "20": ["06", "26", "36", "46"],
      "21": ["06"],
      "22": ["06"]

    }
  }
  