{
    "line": "9",
    "direction": "Blachownia",
    "przystanek": "Dw. Główny",
    "rozkład": {
      "04": ["37"],
      "05": ["07", "37"],
      "06": ["07", "37"],
      "07": ["07", "27", "47"],
      "08": ["07", "27", "47"],
      "09": ["07", "37"],
      "10": ["07", "37"],
      "11": ["07", "27", "47"],
      "12": ["07", "27", "47"],
      "13": ["07"],
      "14": ["07","27","47","57"],
      "15": ["07","27","47","57"],
      "16": ["07","27","47"],
      "17": ["07","37"],
      "18": ["07", "37"],
      "19": ["07", "37"],
      "20": ["07", "27", "37", "47"],
      "21": ["07"],
      "22": ["07"]

    }
  }
  