{
    "line": "9",
    "direction": "Blachownia",
    "przystanek": "Salwator",
    "rozkład": {
      "04": ["35"],
      "05": ["05", "35"],
      "06": ["05", "35"],
      "07": ["05", "25", "45"],
      "08": ["05", "25", "45"],
      "09": ["05", "35"],
      "10": ["05", "35"],
      "11": ["05", "25", "45"],
      "12": ["05", "25", "45"],
      "13": ["05"],
      "14": ["05","25","45","55"],
      "15": ["05","25","45","55"],
      "16": ["05","25","45"],
      "17": ["05","35"],
      "18": ["05", "35"],
      "19": ["05", "35"],
      "20": ["05", "25", "35", "45"],
      "21": ["05"],
      "22": ["05"]

    }
  }
  